Titulo,Empresa,Ciudad,Link
Auxiliar administrativo/a de logística,Importante empresa del sector,"Antioquia, Medellín",https://co.computrabajo.com/ofertas-de-trabajo/oferta-de-trabajo-de-auxiliar-administrativoa-de-logistica-en-medellin-6A3A8F2DA0AA486C61373E686DCF3405#lc=ListOffers-Score6-0
Auxiliar Contable y Administrativa,Adecco Colombia S.A.,"Antioquia, Medellín",https://co.computrabajo.com/ofertas-de-trabajo/oferta-de-trabajo-de-auxiliar-contable-y-administrativa-en-medellin-4767FAEB6ACC8E8461373E686DCF3405#lc=ListOffers-Score6-1
Auxiliar Administrativo,T&S TEMSERVICE S.A.S,"Antioquia, Medellín",https://co.computrabajo.com/ofertas-de-trabajo/oferta-de-trabajo-de-auxiliar-administrativo-de-facturacion-en-medellin-E1D31187F29D9F8461373E686DCF3405#lc=ListOffers-Score6-2
Auxiliar administrativo/a,Tiempos SAS,"Antioquia, Medellín",https://co.computrabajo.com/ofertas-de-trabajo/oferta-de-trabajo-de-auxiliar-administrativoa-en-medellin-B180687B86018B2561373E686DCF3405#lc=ListOffers-Score6-3
auxiliar administrativo facturacion,Alianza Temporal S.A.S,"Antioquia, Medellín",https://co.computrabajo.com/ofertas-de-trabajo/oferta-de-trabajo-de-auxiliar-administrativo-facturacion-en-medellin-4E45DC007F2BE5EE61373E686DCF3405#lc=ListOffers-Score6-4
Auxiliar administrativo/ Formación Técnica,Corporación Universitaria Minuto de Dios,"Antioquia, Medellín",https://co.computrabajo.com/ofertas-de-trabajo/oferta-de-trabajo-de-auxiliar-administrativo-formacion-tecnica-auxiliar-educacion-continuasede-bello-en-medellin-CB2BEF4B6BFAAE1161373E686DCF3405#lc=ListOffers-Score6-5
Auxiliar Administrativo,tennis SA,"Antioquia, Medellín",https://co.computrabajo.com/ofertas-de-trabajo/oferta-de-trabajo-de-auxiliar-administrativo-medellin-en-medellin-ADA6B915D7F5963E61373E686DCF3405#lc=ListOffers-Score6-6
Auxiliar contable y administrativo,Importante empresa del sector,"Antioquia, Medellín",https://co.computrabajo.com/ofertas-de-trabajo/oferta-de-trabajo-de-auxiliar-contable-y-administrativo-medellin-en-medellin-61840AFC6682AC5361373E686DCF3405#lc=ListOffers-Score6-7
Asistente Administrativo/a,COMFAMA,"Antioquia, Medellín",https://co.computrabajo.com/ofertas-de-trabajo/oferta-de-trabajo-de-asistente-administrativoa-con-5-anos-de-experiencia-en-medellin-D0E945ADF37CC71861373E686DCF3405#lc=ListOffers-Score6-8
Asistente Administrativa para SPA,BAYTON COLOMBIA SAS,"Antioquia, Medellín",https://co.computrabajo.com/ofertas-de-trabajo/oferta-de-trabajo-de-asistente-administrativa-para-spa-tecnologa-contable-en-medellin-92C9AA95AAD5270961373E686DCF3405#lc=ListOffers-Score6-9
Asistente administrativo/Licencia de Maternidad,MANPOWER PROFESSIONAL LTDA,"Antioquia, Medellín",https://co.computrabajo.com/ofertas-de-trabajo/oferta-de-trabajo-de-asistente-administrativolicencia-de-maternidad-en-medellin-7235C44921DEDB9361373E686DCF3405#lc=ListOffers-Score6-10
Auxiliar administrativo o contable Medellín,JOBANDTALENT CO S A S,"Antioquia, Medellín",https://co.computrabajo.com/ofertas-de-trabajo/oferta-de-trabajo-de-auxiliar-administrativo-o-contable-medellin-en-medellin-164D6D9BCDD4254161373E686DCF3405#lc=ListOffers-Score6-11
auxiliar administrativo contable/facturacion,Alianza Temporal S.A.S,"Antioquia, Medellín",https://co.computrabajo.com/ofertas-de-trabajo/oferta-de-trabajo-de-auxiliar-administrativo-contablefacturacion-en-medellin-0678F0A813DCE25B61373E686DCF3405#lc=ListOffers-Score6-12
auxiliar administrativo contable/facturacion,Alianza Temporal S.A.S,"Antioquia, Medellín",https://co.computrabajo.com/ofertas-de-trabajo/oferta-de-trabajo-de-auxiliar-administrativo-contablefacturacion-en-medellin-6C8859A56BBD3EAD61373E686DCF3405#lc=ListOffers-Score6-13
Auxiliar contable y administrativa,A'HORA S.A.S.,"Antioquia, Medellín",https://co.computrabajo.com/ofertas-de-trabajo/oferta-de-trabajo-de-auxiliar-contable-y-administrativa-medellin-en-medellin-84D6A3EEBC4DF70F61373E686DCF3405#lc=ListOffers-Score6-14
Auxiliar de Despachos Escaneador,JOBANDTALENT CO S A S,"Antioquia, Medellín",https://co.computrabajo.com/ofertas-de-trabajo/oferta-de-trabajo-de-auxiliar-de-despachos-escaneador-empresa-de-confecciones-medellin-en-medellin-BCC00ED8F690617561373E686DCF3405#lc=ListOffers-Score5-15
Auxiliar de Caja Fin de Semana,MUEBLES JAMAR S.A,"Antioquia, Medellín",https://co.computrabajo.com/ofertas-de-trabajo/oferta-de-trabajo-de-auxiliar-de-caja-fin-de-semana-medellin-tienda-florida-en-medellin-3C7286DF33AEB00261373E686DCF3405#lc=ListOffers-Score5-16
Auxiliar de servicio en biblioteca,Importante empresa del sector,"Antioquia, Medellín",https://co.computrabajo.com/ofertas-de-trabajo/oferta-de-trabajo-de-auxiliar-de-servicio-en-biblioteca-con-1-ano-de-experiencia-en-medellin-F435DA2A0FD75F5A61373E686DCF3405#lc=ListOffers-Score5-17
Recepcionista administrativo/a,Importante empresa del sector,"Antioquia, Medellín",https://co.computrabajo.com/ofertas-de-trabajo/oferta-de-trabajo-de-recepcionista-administrativoa-en-medellin-934F8E13B605FA6861373E686DCF3405#lc=ListOffers-Score5-18
Auxiliar de cartera,Importante empresa del sector,"Antioquia, Medellín",https://co.computrabajo.com/ofertas-de-trabajo/oferta-de-trabajo-de-auxiliar-de-cartera-termino-indefinido-medellin-en-medellin-6B8A46B287DF936661373E686DCF3405#lc=ListOffers-Score5-19
Auxiliar operativo bancario /estudio culminado  tecnólogo/a,Importante empresa del sector,"Antioquia, Medellín",https://co.computrabajo.com/ofertas-de-trabajo/oferta-de-trabajo-de-auxiliar-operativo-bancario-estudio-culminado-tecnologoa-conocimiento-operativo-realce-en-medellin-08AAE65681C9211D61373E686DCF3405#lc=ListOffers-Score5-0
Auxiliar de gestión del conocimiento y desarrollo,Importante empresa del sector,"Antioquia, Medellín",https://co.computrabajo.com/ofertas-de-trabajo/oferta-de-trabajo-de-auxiliar-de-gestion-del-conocimiento-y-desarrollo-en-medellin-2CE3E099ED0E5B3161373E686DCF3405#lc=ListOffers-Score5-1
Auxiliar logístico/a,Importante empresa del sector,"Antioquia, Medellín",https://co.computrabajo.com/ofertas-de-trabajo/oferta-de-trabajo-de-auxiliar-logisticoa-bilingue-rionegro-en-medellin-4351C0262A9DDB6761373E686DCF3405#lc=ListOffers-Score5-2
Auxiliar de tesoreria,Importante empresa del sector,"Antioquia, Medellín",https://co.computrabajo.com/ofertas-de-trabajo/oferta-de-trabajo-de-auxiliar-de-tesoreria-en-medellin-91C39DAF541B921261373E686DCF3405#lc=ListOffers-Score5-3
Auxiliar logístico/a,Importante empresa del sector,"Antioquia, Medellín",https://co.computrabajo.com/ofertas-de-trabajo/oferta-de-trabajo-de-auxiliar-logisticoa-bilingue-rionegro-en-medellin-FCB52B1897F9699261373E686DCF3405#lc=ListOffers-Score5-4
Auxiliar Fondo de Empleados,CONTENTO BPS S.A,"Antioquia, Medellín",https://co.computrabajo.com/ofertas-de-trabajo/oferta-de-trabajo-de-auxiliar-fondo-de-empleados-en-medellin-64F3E949F1E7B64161373E686DCF3405#lc=ListOffers-Score5-5
Auxiliar de Admisiones,Viva 1A IPS S.A,"Antioquia, Medellín",https://co.computrabajo.com/ofertas-de-trabajo/oferta-de-trabajo-de-auxiliar-de-admisiones-medellin-sede-estadio-8hr--en-medellin-BD513E184511B90E61373E686DCF3405#lc=ListOffers-Score5-6
Auxiliar de Admisiones,Viva 1A IPS S.A,"Antioquia, Medellín",https://co.computrabajo.com/ofertas-de-trabajo/oferta-de-trabajo-de-auxiliar-de-admisiones-medellin-sede-prado-8hr--en-medellin-167621980D4A693861373E686DCF3405#lc=ListOffers-Score5-7
Auxiliar de cartera,Agencia de Empleo de Comfenalco Antioquia,"Antioquia, Medellín",https://co.computrabajo.com/ofertas-de-trabajo/oferta-de-trabajo-de-auxiliar-de-cartera-en-medellin-64AE9EC00E16024C61373E686DCF3405#lc=ListOffers-Score2-8
Auxiliar en oficina  en call center adminitrativo,Emtelco CX & BPO,"Antioquia, Medellín",https://co.computrabajo.com/ofertas-de-trabajo/oferta-de-trabajo-de-auxiliar-en-oficina-en-call-center-adminitrativo-trabaja-de-lunes-a-viernes-en-medellin-B4243048F702738261373E686DCF3405#lc=ListOffers-Score2-9
Convocatoria Auxiliar de reparto,Dar Ayuda Temporal,"Antioquia, Medellín",https://co.computrabajo.com/ofertas-de-trabajo/oferta-de-trabajo-de-convocatoria-auxiliar-de-reparto-en-medellin-9C849381BE04A37861373E686DCF3405#lc=ListOffers-Score2-10
Auxiliar de archivo,ACTIVOS S A S,"Antioquia, Medellín",https://co.computrabajo.com/ofertas-de-trabajo/oferta-de-trabajo-de-auxiliar-de-archivo-en-medellin-48D1AAE9064DCFAE61373E686DCF3405#lc=ListOffers-Score2-11
Auxiliar contable,COMFAMA,"Antioquia, Medellín",https://co.computrabajo.com/ofertas-de-trabajo/oferta-de-trabajo-de-auxiliar-contable-en-medellin-D5357F7FC830274361373E686DCF3405#lc=ListOffers-Score2-12
Auxiliar operativo en seguros,Importante empresa del sector,"Antioquia, Medellín",https://co.computrabajo.com/ofertas-de-trabajo/oferta-de-trabajo-de-auxiliar-operativo-en-seguros-en-medellin-EC5B8494D9256F0961373E686DCF3405#lc=ListOffers-Score2-14
"Buscamos Auxiliares de Soporte , Asesores de Servicio al Cliente Sin experiencia con 2 días libres, En Medellín y Cercanías, , Ingles Intermedio!",Webhelp Colombia,"Antioquia, Medellín",https://co.computrabajo.com/ofertas-de-trabajo/oferta-de-trabajo-de-buscamos-auxiliares-de-soporte-asesores-de-servicio-al-cliente-sin-experiencia-con-2-dias-libres-en-medellin-y-cercanias-ingles-intermedio-en-medellin-4F242EC8956E299261373E686DCF3405#lc=ListOffers-Score2-15
"Buscamos Auxiliares de Soporte , Asesores de Servicio al Cliente Sin experiencia con 2 días libres, En Medellín y Cercanías, , Ingles Intermedio!",Webhelp Colombia,"Antioquia, Medellín",https://co.computrabajo.com/ofertas-de-trabajo/oferta-de-trabajo-de-buscamos-auxiliares-de-soporte-asesores-de-servicio-al-cliente-sin-experiencia-con-2-dias-libres-en-medellin-y-cercanias-ingles-intermedio-en-medellin-EE1F8A77313FBBCC61373E686DCF3405#lc=ListOffers-Score2-16
Auxiliar de restaurante con experiencia en servicio al cliente,Importante empresa del sector,"Antioquia, Medellín",https://co.computrabajo.com/ofertas-de-trabajo/oferta-de-trabajo-de-auxiliar-de-restaurante-con-experiencia-en-servicio-al-cliente-domingo-a-domingo-en-turnos-rotativos-348092-en-medellin-BFC2A30DC8ECD9A761373E686DCF3405#lc=ListOffers-Score2-17
Auxiliar de mercadeo,Importante empresa del sector retail,"Antioquia, Medellín",https://co.computrabajo.com/ofertas-de-trabajo/oferta-de-trabajo-de-auxiliar-de-mercadeo-medellin-en-medellin-A44965CD1F84CB4561373E686DCF3405#lc=ListOffers-Score2-18
Auxiliar de seguros,COMFAMA,"Antioquia, Medellín",https://co.computrabajo.com/ofertas-de-trabajo/oferta-de-trabajo-de-auxiliar-de-seguros-con-un-ano-de-experiencia-en-medellin-6E33252B8B3BA06861373E686DCF3405#lc=ListOffers-Score2-19
Auxiliar de archivo,COMPLEMENTOS HUMANOS,"Antioquia, Medellín",https://co.computrabajo.com/ofertas-de-trabajo/oferta-de-trabajo-de-auxiliar-de-archivo-gestion-documental-con-tarjeta-profesional--urgente-en-medellin-9A6A4E27F69F800361373E686DCF3405#lc=ListOffers-Score2-0
Auxiliar de oficina,Importante empresa del sector,"Antioquia, Medellín",https://co.computrabajo.com/ofertas-de-trabajo/oferta-de-trabajo-de-auxiliar-de-oficina-temporal-en-medellin-A058C0664052A62161373E686DCF3405#lc=ListOffers-Score2-1
